test,identifier,date,fuel,pressure_mmHg,O2,N2,CO2,He,D0_mm,ext_diameter_mm,burn_rate_mm2s,burn_time_s,test_end
1,20CAL08,3/5/09,Methanol,757.7,0.21,0.79,0.0,0.0,1.69,0.89,0.52,4.3,Disruption
2,20CAL10,3/5/09,Methanol,762.0,0.21,0.79,0.0,0.0,1.86,0.94,0.6,5.0,Extinction
3,20CAL12,3/5/09,Methanol,764.2,0.21,0.79,0.0,0.0,1.61,0.92,0.58,3.2,Extinction
4,30CAL02,3/31/09,Methanol,760.0,0.21,0.79,0.0,0.0,2.06,,0.6,7.64,Extinction
5,30CAL03,3/31/09,Methanol,760.0,0.21,0.79,0.0,0.0,1.92,0.81,0.48,6.34,Extinction
6,40CAL01,3/31/09,Methanol,760.0,0.21,0.79,0.0,0.0,2.54,1.53,0.51,9.6,Extinction
7,20CAL13,4/10/09,Heptane,761.3,0.21,0.79,0.0,0.0,1.87,,0.67,5.3,Disruption
8,30CAL06,4/10/09,Heptane,762.4,0.21,0.79,0.0,0.0,2.95,,0.79,14.8,Disruption
9,30CAL07,4/10/09,Heptane,760.0,0.21,0.79,0.0,0.0,,,,,Disruption
10,256F002,5/22/09,Methanol,2319.7,0.21,0.09,0.7,0.0,3.86,,0.37,13.6,Extinction
11,256R001,5/22/09,Methanol,2318.8,0.21,0.09,0.7,0.0,3.03,,0.4,16.5,Extinction
12,264F003,5/22/09,Heptane,2319.9,0.21,0.09,0.7,0.0,2.74,,,,Disruption
13,256R002,6/25/09,Methanol,2074.2,0.21,0.09,0.7,0.0,2.59,,0.49,10.8,Extinction
14,256F007,6/29/09,Methanol,2055.6,0.21,0.09,0.7,0.0,3.7,,,11.3,Extinction
15,256F008,6/29/09,Methanol,2066.6,0.21,0.09,0.7,0.0,4.42,,,23.1,Extinction
16,256F009,6/29/09,Methanol,2072.1,0.21,0.09,0.7,0.0,1.66,1.0,0.53,3.4,Extinction
17,240R003,7/1/09,Methanol,1545.7,0.21,0.09,0.7,0.0,2.67,,,2.4,Disruption
18,248F001,7/1/09,Heptane,1553.8,0.21,0.09,0.7,0.0,2.74,1.77,0.61,8.1,Extinction
19,196F001,8/26/09,Heptane,539.1,0.34,0.66,0.0,0.0,3.39,,0.9,4.2,Disruption
20,192F001,10/24/09,Methanol,539.5,0.34,0.66,0.0,0.0,3.4,1.56,0.53,17.4,Completion
21,192F002,10/24/09,Methanol,540.6,0.34,0.66,0.0,0.0,3.49,0.95,0.66,17.8,Disruption
22,192F003,10/24/09,Methanol,540.5,0.34,0.66,0.0,0.0,3.5,,0.65,18.2,Disruption
23,196F002,10/24/09,Heptane,541.8,0.34,0.66,0.0,0.0,3.01,,0.73,13.1,Disruption
24,196F003,10/24/09,Heptane,542.8,0.34,0.66,0.0,0.0,,,,,Disruption
25,191R001,11/9/09,Methanol,537.3,0.3,0.7,0.0,0.0,2.6,0.59,0.65,10.3,Completion
26,191F001,11/9/09,Methanol,538.4,0.3,0.7,0.0,0.0,3.63,0.4,0.62,22.2,Disruption
27,195F001,11/9/09,Heptane,540.7,0.3,0.7,0.0,0.0,3.87,,0.64,23.8,Disruption
28,195F002,11/9/09,Heptane,539.7,0.3,0.7,0.0,0.0,3.36,,0.64,17.3,Disruption
29,178R001,11/13/09,Methanol,766.9,0.3,0.7,0.0,0.0,2.57,,0.74,10.4,Completion
30,178F001,11/13/09,Methanol,769.2,0.3,0.7,0.0,0.0,3.26,1.32,0.59,15.6,Extinction
31,182F001,11/13/09,Heptane,770.5,0.3,0.7,0.0,0.0,3.39,,0.85,18.4,Disruption
32,182F002,11/13/09,Heptane,771.0,0.3,0.7,0.0,0.0,3.07,,0.68,14.0,Completion
33,177R002,11/27/09,Methanol,764.5,0.21,0.79,0.0,0.0,2.62,1.25,0.48,11.4,Extinction
34,177F001,11/27/09,Methanol,767.7,0.21,0.79,0.0,0.0,3.89,2.0,0.44,27.3,Extinction
35,181F001,11/27/09,Heptane,768.1,0.21,0.79,0.0,0.0,3.85,3.34,0.43,8.9,Extinction
36,190R002,12/15/09,Methanol,539.0,0.2,0.8,0.0,0.0,2.4,1.67,0.45,7.1,Extinction
37,220R001,1/7/10,Methanol,534.3,0.34,0.66,0.0,0.0,3.31,,0.72,10.7,Disruption
38,220R002,1/7/10,Methanol,534.4,0.34,0.66,0.0,0.0,3.59,,0.71,15.3,Disruption
39,224F001,1/7/10,Heptane,534.9,0.34,0.66,0.0,0.0,2.91,0.0,0.8,9.9,Disruption
40,219R001,1/8/10,Methanol,535.1,0.3,0.7,0.0,0.0,3.77,,0.62,19.2,Disruption
41,219F001,1/8/10,Methanol,534.3,0.3,0.7,0.0,0.0,3.35,,0.65,14.1,Disruption
42,223F001,1/8/10,Heptane,535.0,0.3,0.7,0.0,0.0,2.92,,0.58,11.3,Disruption
43,223F002,1/8/10,Heptane,534.9,0.3,0.7,0.0,0.0,2.97,0.0,0.78,11.4,Disruption
44,206F001,1/11/10,Methanol,766.8,0.3,0.7,0.0,0.0,3.49,,0.63,16.6,Disruption
45,206R001,1/11/10,Methanol,768.3,0.3,0.7,0.0,0.0,2.42,1.01,0.73,6.6,Extinction
46,205R001,1/12/10,Methanol,769.5,0.21,0.79,0.0,0.0,2.78,1.08,0.54,13.1,Disruption
47,209F001,1/12/10,Heptane,770.1,0.21,0.79,0.0,0.0,3.36,,0.5,17.1,Completion
48,205F001,1/12/10,Methanol,768.7,0.21,0.79,0.0,0.0,3.66,,0.27,23.5,Disruption
49,209F003,1/19/10,Heptane,764.9,0.21,0.79,0.0,0.0,3.46,2.78,0.59,8.6,Extinction
50,209F004,1/19/10,Heptane,770.1,0.21,0.79,0.0,0.0,3.57,2.98,0.52,8.4,Extinction
51,209F005,1/19/10,Heptane,771.4,0.21,0.79,0.0,0.0,2.41,0.0,0.65,8.2,Completion
52,210F002,1/11/10,Heptane,771.1,0.3,0.7,0.0,0.0,3.53,0.0,0.7,18.3,Disruption
53,209F002,1/12/10,Heptane,770.2,0.21,0.79,0.0,0.0,,,,18.5,Disruption
54,190F003,1/29/10,Methanol,541.4,0.2,0.8,0.0,0.0,3.56,,0.41,29.0,Extinction
55,218F001,1/29/10,Methanol,542.6,0.2,0.8,0.0,0.0,3.37,2.39,0.46,20.5,Disruption
56,194F001,1/29/10,Heptane,544.1,0.2,0.79,0.0,0.0,3.56,3.04,0.44,7.9,Completion
57,303F001,1/29/10,Heptane,544.4,0.2,0.79,0.0,0.0,3.1,2.49,0.54,6.8,Extinction
58,176F001,2/4/10,Methanol,773.3,0.18,0.82,0.0,0.0,3.69,,0.42,29.1,Extinction
59,176R001,2/4/10,Methanol,769.2,0.18,0.82,0.0,0.0,2.93,1.39,0.43,17.7,Extinction
60,204F001,2/4/10,Methanol,773.7,0.18,0.82,0.0,0.0,3.43,,0.45,23.2,Extinction
61,204R001,2/4/10,Methanol,774.1,0.18,0.82,0.0,0.0,3.68,2.0,0.41,25.7,Extinction
62,301F001,3/11/10,Heptane,761.8,0.18,0.82,0.0,0.0,3.43,3.17,0.39,4.8,Extinction
63,301F002,3/11/10,Heptane,767.6,0.18,0.81,0.0,0.0,2.15,0.0,0.51,9.6,Completion
64,302F001,3/11/10,Heptane,764.6,0.18,0.81,0.0,0.0,2.69,2.07,0.6,5.5,Extinction
65,189R001,3/19/10,Methanol,765.9,0.15,0.85,0.0,0.0,3.37,,0.4,24.3,Extinction
66,189F001,3/19/10,Methanol,766.8,0.15,0.85,0.0,0.0,2.52,1.32,0.38,12.9,Extinction
67,189F002,3/19/10,Methanol,767.7,0.15,0.85,0.0,0.0,3.97,3.3,0.36,14.4,Extinction
68,189R003,3/19/10,Methanol,768.8,0.15,0.84,0.0,0.0,2.38,1.29,0.39,10.7,Extinction
69,193R002,3/23/10,Heptane,767.1,0.14,0.84,0.0,0.0,1.1,0.0,0.94,1.3,Completion
70,193F001,3/23/10,Heptane,761.0,0.15,0.84,0.0,0.0,4.67,4.6,0.41,1.6,Extinction
71,189R002,3/19/10,Methanol,768.3,0.15,0.84,0.0,0.0,2.25,,0.4,8.4,Extinction
72,193R001,3/23/10,Heptane,765.2,0.15,0.84,0.0,0.0,1.13,,0.52,2.5,Completion
73,193F001,3/23/10,Heptane,761.0,0.15,0.84,0.0,0.0,4.64,4.58,0.56,1.5,Extinction
74,221F001,3/23/10,Heptane,765.9,0.15,0.84,0.0,0.0,1.33,,0.77,2.3,Completion
75,203R002,3/29/10,Methanol,770.8,0.13,0.85,0.0,0.0,2.54,1.78,0.37,9.1,Extinction
76,203F001,3/29/10,Methanol,769.5,0.13,0.85,0.0,0.0,3.21,2.78,0.37,8.9,Extinction
77,175R001,3/29/10,Methanol,768.4,0.14,0.85,0.0,0.0,3.33,2.91,0.34,8.5,Extinction
78,175F001,3/29/10,Methanol,766.0,0.14,0.85,0.0,0.0,2.66,1.66,0.35,12.9,Extinction
79,179F001,3/30/10,Heptane,768.1,0.13,0.85,0.0,0.0,2.92,2.86,0.25,1.5,Extinction
80,207F001,3/30/10,Heptane,770.0,0.13,0.85,0.0,0.0,,,,1.0,Extinction
81,207F002,3/30/10,Heptane,770.2,0.13,0.85,0.0,0.0,,,,1.5,Extinction
82,304F001,4/19/10,Methanol,764.6,0.13,0.87,0.0,0.0,2.84,2.39,0.35,7.5,Extinction
83,304F002,4/19/10,Methanol,772.0,0.12,0.87,0.0,0.0,,,,5.45,Extinction
84,304R001,4/19/10,Methanol,767.2,0.12,0.87,0.0,0.0,2.35,1.42,0.35,10.8,Extinction
85,304R002,4/19/10,Methanol,771.2,0.12,0.87,0.0,0.0,2.4,1.77,0.35,9.3,Extinction
86,305F002,4/19/10,Methanol,770.0,0.12,0.87,0.0,0.0,3.07,2.56,0.35,9.0,Extinction
87,305F003,4/19/10,Methanol,771.2,0.12,0.87,0.0,0.0,2.64,1.92,0.38,9.3,Extinction
88,053R001,5/5/10,Methanol,537.5,0.25,0.6,0.15,0.0,3.01,,0.53,14.8,Disruption
89,053F001,5/5/10,Methanol,537.4,0.25,0.6,0.15,0.0,3.7,,0.51,24.0,Disruption
90,141R001,5/6/10,Methanol,539.2,0.25,0.6,0.15,0.0,3.62,,0.53,20.1,Disruption
91,141F001,5/5/10,Methanol,538.3,0.25,0.6,0.15,0.0,3.51,,0.51,18.0,Disruption
92,061F002,6/14/10,Heptane,536.3,0.25,0.6,0.15,0.0,3.41,,0.55,21.7,Disruption
93,149F001,6/15/10,Heptane,537.3,0.25,0.6,0.15,0.0,2.48,0.0,0.71,8.3,Disruption
94,C08H101,6/15/10,Heptane,533.6,0.24,0.56,0.2,0.0,3.53,2.76,0.51,10.1,Extinction
95,C08H201,6/15/10,Heptane,534.4,0.24,0.56,0.2,0.0,3.6,3.04,0.58,8.0,Extinction
96,C08H301,6/15/10,Heptane,534.4,0.24,0.56,0.2,0.0,,,,5.2,Disruption
97,C08M101,6/16/10,Methanol,534.2,0.23,0.56,0.2,0.0,4.25,2.6,0.45,26.5,Completion
98,C09M201,6/21/10,Methanol,537.1,0.23,0.52,0.25,0.0,3.64,1.74,0.47,22.9,Extinction
99,C09M101,6/21/10,Methanol,535.0,0.23,0.52,0.25,0.0,4.28,2.32,0.42,33.0,Extinction
100,C09H101,6/29/10,Heptane,536.7,0.23,0.52,0.25,0.0,4.14,3.98,0.34,6.1,Extinction
101,C09H201,6/29/10,Heptane,538.7,0.23,0.52,0.25,0.0,3.88,3.45,0.5,6.5,Extinction
102,C10H101,6/29/10,Heptane,534.2,0.21,0.49,0.3,0.0,3.57,3.43,0.33,4.2,Extinction
103,C10H201,6/29/10,Heptane,534.3,0.21,0.49,0.3,0.0,4.0,3.88,0.35,3.2,Extinction
104,C08M201,6/16/10,Methanol,534.1,0.23,0.56,0.2,0.0,3.6,1.58,0.49,23.2,Extinction
105,C08M301,6/16/10,Methanol,534.6,0.23,0.56,0.2,0.0,4.17,2.0,0.47,30.7,Disruption
106,C09M401,6/21/10,Methanol,538.3,0.23,0.52,0.25,0.0,3.08,1.75,0.51,14.1,Disruption
107,C08M401,6/16/10,Methanol,535.0,0.23,0.56,0.2,0.0,3.18,,0.52,15.1,Disruption
108,C09M301,6/21/10,Methanol,538.3,0.23,0.52,0.25,0.0,3.75,,0.47,24.3,Completion
109,C10M102,8/31/10,Methanol,536.5,0.21,0.49,0.3,0.0,3.56,1.92,0.42,,Extinction
110,C10M201,8/31/10,Methanol,537.0,0.21,0.49,0.3,0.0,2.83,1.57,0.45,13.0,Extinction
111,C10M303,8/31/10,Methanol,536.9,0.21,0.49,0.3,0.0,3.37,2.1,0.45,16.4,Completion
112,C10M401,9/1/10,Methanol,530.7,0.21,0.49,0.3,0.0,3.99,2.35,0.43,25.2,Completion
113,C11M101,9/1/10,Methanol,534.6,0.2,0.45,0.35,0.0,4.2,2.85,0.49,18.2,Extinction
114,C11M201,9/6/10,Methanol,,0.2,0.45,0.35,0.0,3.23,1.68,0.42,18.9,Extinction
115,C11M301,9/1/10,Methanol,535.8,0.2,0.45,0.35,0.0,3.97,2.61,0.41,22.9,Extinction
116,C11M401,9/1/10,Methanol,536.3,0.2,0.45,0.35,0.0,3.16,1.57,0.46,16.9,Extinction
117,C11H101,9/6/10,Heptane,531.1,0.2,0.45,0.35,0.0,3.84,3.77,0.25,2.4,Extinction
118,C11H201,9/6/10,Heptane,532.8,0.2,0.44,0.35,0.0,3.03,2.93,0.38,2.5,Extinction
119,C12H103,9/7/10,Heptane,532.6,0.18,0.42,0.4,0.0,2.6,2.48,0.37,1.3,Extinction
120,C12H201,9/7/10,Heptane,532.5,0.18,0.42,0.4,0.0,2.45,2.39,0.38,1.43,Extinction
121,C12M101,9/8/10,Methanol,526.3,0.18,0.42,0.4,0.0,4.25,3.92,0.34,8.0,Extinction
122,C12M201,9/8/10,Methanol,531.2,0.18,0.42,0.4,0.0,3.46,2.58,0.41,13.9,Extinction
123,C12M301,9/8/10,Methanol,532.0,0.18,0.42,0.4,0.0,4.13,3.79,0.35,8.7,Extinction
124,C12M401,9/8/10,Methanol,532.4,0.18,0.42,0.4,0.0,2.87,2.74,0.3,2.4,Extinction
125,C13M103,9/13/10,Methanol,537.2,0.17,0.38,0.45,0.0,3.63,3.37,0.35,5.7,Extinction
126,C13M201,9/13/10,Methanol,536.1,0.17,0.38,0.45,0.0,2.8,1.84,0.4,11.7,Extinction
127,C13M301,9/13/10,Methanol,536.7,0.17,0.38,0.45,0.0,3.22,2.53,0.38,11.0,Extinction
128,C13M401,9/13/10,Methanol,537.3,0.17,0.38,0.45,0.0,2.91,,0.39,11.5,Extinction
129,C13H102,9/17/10,Heptane,536.2,0.17,0.38,0.45,0.0,3.33,3.34,0.33,0.55,Extinction
130,C13H201,9/17/10,Heptane,537.2,0.17,0.38,0.45,0.0,2.91,2.89,0.05,0.6,Extinction
131,C21H101,10/6/10,Heptane,763.9,0.24,0.56,0.2,0.0,1.72,0.52,0.61,4.9,Disruption
132,C21H201,10/6/10,Heptane,765.2,0.24,0.56,0.2,0.0,2.63,0.53,0.6,12.4,Disruption
133,C21H301,10/6/10,Heptane,766.7,0.24,0.56,0.2,0.0,3.25,0.55,0.56,19.0,Disruption
134,C21H401,10/6/10,Heptane,767.2,0.24,0.56,0.2,0.0,3.66,2.88,0.56,9.2,Extinction
135,C21H501,10/6/10,Heptane,768.2,0.24,0.56,0.2,0.0,2.78,0.0,0.59,10.8,Completion
136,C21H302,10/6/10,Heptane,768.1,0.24,0.56,0.2,0.0,3.08,,0.51,17.0,Completion
137,C21H303,10/6/10,Heptane,768.2,0.24,0.56,0.2,0.0,3.13,,0.55,17.5,Disruption
138,C21H304,10/6/10,Heptane,768.6,0.24,0.56,0.2,0.0,,,,,Disruption
139,C21H305,10/6/10,Heptane,768.0,0.24,0.56,0.2,0.0,1.75,,0.63,5.4,Disruption
140,C14M101,11/4/10,Methanol,533.5,0.15,0.35,0.5,0.0,3.98,3.95,0.2,1.3,Extinction
141,C14M201,11/4/10,Methanol,534.1,0.15,0.35,0.5,0.0,2.86,2.73,0.3,2.3,Extinction
142,C14M301,11/4/10,Methanol,534.5,0.15,0.35,0.5,0.0,1.86,1.48,0.39,3.4,Extinction
143,C14M302,11/4/10,Methanol,534.7,0.15,0.35,0.5,0.0,2.25,2.06,0.36,2.7,Extinction
144,C01M101,11/16/10,Methanol,761.9,0.2,0.75,0.05,0.0,3.53,1.53,0.45,23.8,Extinction
145,C01M201,11/16/10,Methanol,763.5,0.2,0.75,0.05,0.0,3.33,1.61,0.45,20.0,Extinction
146,C01M301,11/16/10,Methanol,765.5,0.2,0.75,0.05,0.0,4.35,1.95,0.41,39.2,Extinction
147,C13M102,9/13/10,Methanol,535.7,0.17,0.38,0.45,0.0,3.02,2.49,0.4,7.8,Extinction
148,C01H101,11/18/10,Heptane,764.4,0.2,0.75,0.05,0.0,2.58,1.15,0.54,11.8,Disruption
149,C01H201,11/18/10,Heptane,766.2,0.2,0.75,0.05,0.0,2.21,0.82,0.53,8.9,Disruption
150,C01H302,11/18/10,Heptane,767.6,0.2,0.75,0.05,0.0,3.18,2.54,0.46,8.0,Extinction
151,C03M101,12/8/10,Methanol,762.5,0.18,0.67,0.15,0.0,3.86,,0.36,31.3,Completion
152,C03M201,12/8/10,Methanol,765.0,0.18,0.67,0.15,0.0,3.33,1.23,0.43,23.2,Extinction
153,C03M301,12/8/10,Methanol,765.6,0.18,0.67,0.15,0.0,2.78,1.19,0.42,15.7,Extinction
154,C03H101,12/9/10,Heptane,762.3,0.18,0.67,0.15,0.0,3.7,3.6,0.34,2.2,Extinction
155,C03H201,12/9/10,Heptane,764.9,0.18,0.67,0.15,0.0,2.73,2.52,0.39,2.7,Extinction
157,C03H401,12/9/10,Heptane,765.7,0.18,0.67,0.15,0.0,1.34,0.45,0.48,3.2,Completion
158,C05M101,12/14/10,Methanol,762.1,0.16,0.59,0.25,0.0,4.24,3.96,0.3,7.6,Extinction
159,C05M201,12/14/10,Methanol,764.4,0.16,0.59,0.25,0.0,3.7,3.22,0.37,10.1,Extinction
160,C05M301,12/14/10,Methanol,765.5,0.16,0.59,0.25,0.0,2.71,1.34,0.38,14.9,Extinction
161,C05M401,12/14/10,Methanol,767.6,0.16,0.59,0.25,0.0,2.77,1.52,0.38,14.8,Extinction
162,C06M101,12/28/10,Methanol,763.3,0.15,0.54,0.32,0.0,3.72,3.5,0.28,6.0,Extinction
163,C06M201,12/28/10,Methanol,764.4,0.15,0.53,0.32,0.0,3.05,2.54,0.37,8.5,Extinction
164,C06M301,12/28/10,Methanol,765.9,0.15,0.53,0.32,0.0,2.59,1.63,0.37,11.6,Extinction
165,C06M401,12/28/10,Methanol,766.1,0.15,0.53,0.32,0.0,2.59,1.79,0.42,8.9,Extinction
166,C03H302,12/9/10,Heptane,765.4,0.18,0.67,0.15,0.0,1.96,1.39,0.54,3.9,Extinction
167,C07M101,1/12/11,Methanol,760.8,0.14,0.5,0.36,0.0,3.22,3.08,0.28,3.4,Extinction
168,C07M201,1/12/11,Methanol,761.6,0.14,0.5,0.36,0.0,2.32,1.84,0.37,5.9,Extinction
169,C15M101,1/18/11,Methanol,763.4,0.21,0.64,0.15,0.0,3.03,1.57,0.48,15.6,Disruption
170,C15M201,1/18/11,Methanol,766.1,0.21,0.64,0.15,0.0,3.05,1.28,0.51,16.7,Extinction
171,C15M301,1/18/11,Methanol,766.7,0.21,0.64,0.15,0.0,3.53,1.59,0.46,23.6,Extinction
172,C03H501,2/21/11,Heptane,759.9,0.18,0.67,0.15,0.0,3.74,3.68,0.35,2.8,Extinction
173,C03H601,2/21/11,Heptane,762.0,0.18,0.67,0.15,0.0,2.4,1.96,0.46,4.4,Extinction
174,C03H701,2/21/11,Heptane,762.1,0.18,0.67,0.15,0.0,1.35,0.47,0.5,3.6,Disruption
175,C08H502,2/21/11,Heptane,531.7,0.24,0.56,0.2,0.0,2.5,0.21,0.56,11.2,Disruption
176,C08H601,2/21/11,Heptane,532.1,0.24,0.56,0.2,0.0,2.88,,0.55,15.6,Disruption
177,C08M501,4/18/11,Methanol,536.9,0.24,0.56,0.2,0.0,4.53,,0.46,38.2,Extinction
178,C08M601,4/18/11,Methanol,537.0,0.24,0.56,0.2,0.0,3.02,1.35,0.52,14.5,Extinction
179,C09H501,4/20/11,Heptane,533.6,0.23,0.52,0.25,0.0,3.32,2.61,0.5,8.9,Extinction
180,C09H601,4/20/11,Heptane,534.4,0.23,0.52,0.25,0.0,2.07,0.48,0.57,7.5,Disruption
181,C02H101,4/20/11,Heptane,758.4,0.19,0.71,0.1,0.0,3.4,3.13,0.41,4.5,Extinction
182,C02H201,4/20/11,Heptane,759.1,0.19,0.71,0.1,0.0,2.48,1.68,0.49,7.0,Extinction
183,C02H202,4/20/11,Heptane,759.0,0.19,0.71,0.1,0.0,1.64,0.49,0.54,5.1,Disruption
184,C09M501,8/8/11,Methanol,534.4,0.23,0.52,0.25,0.0,3.72,,0.53,26.2,Extinction
185,C09M502,8/8/11,Methanol,535.1,0.23,0.52,0.25,0.0,3.42,,0.51,15.8,Extinction
186,C09M601,8/8/11,Methanol,535.2,0.23,0.52,0.25,0.0,2.8,1.33,0.51,12.7,Extinction
187,C09M701,8/8/11,Methanol,536.2,0.23,0.52,0.25,0.0,2.47,1.21,0.52,9.2,Extinction
188,C02M101,8/8/11,Methanol,758.0,0.19,0.71,0.1,0.0,3.38,1.29,0.47,21.8,Extinction
189,C02M201,8/8/11,Methanol,758.1,0.19,0.71,0.1,0.0,2.47,1.08,0.46,11.0,Extinction
190,C03M501,8/9/11,Methanol,761.2,0.18,0.67,0.15,0.0,3.77,1.78,0.42,30.5,Extinction
191,C03M601,8/9/11,Methanol,764.6,0.18,0.67,0.15,0.0,2.74,0.95,0.5,14.0,Extinction
192,C03M701,8/9/11,Methanol,765.3,0.18,0.67,0.15,0.0,1.76,0.81,0.46,5.5,Extinction
193,C04M101,8/9/11,Methanol,759.5,0.17,0.63,0.2,0.0,3.46,,0.39,21.8,Extinction
194,C04M201,8/9/11,Methanol,759.1,0.17,0.63,0.2,0.0,2.77,1.27,0.4,15.6,Extinction
195,C04H101,8/17/11,Heptane,752.0,0.17,0.63,0.2,0.0,3.76,3.71,0.29,1.6,Extinction
196,C04H201,8/17/11,Heptane,752.5,0.17,0.63,0.2,0.0,2.9,2.79,0.36,1.9,Extinction
197,C01H501,8/18/11,Heptane,758.4,0.2,0.75,0.05,0.0,3.06,2.28,0.52,8.9,Extinction
198,C01H601,8/18/11,Heptane,759.8,0.2,0.75,0.05,0.0,3.04,2.33,0.49,8.1,Extinction
199,C01H701,8/18/11,Heptane,760.1,0.2,0.75,0.05,0.0,2.12,0.13,0.53,8.7,Disruption
200,C01M501,8/24/11,Methanol,754.0,0.2,0.75,0.05,0.0,3.37,0.98,0.49,21.0,Extinction
201,C01M602,8/24/11,Methanol,756.1,0.2,0.75,0.05,0.0,2.57,1.13,0.47,11.7,Extinction
202,C01M603,8/24/11,Methanol,756.9,0.2,0.75,0.05,0.0,2.4,1.05,0.48,10.2,Extinction
203,N01M101,8/24/11,Methanol,760.2,0.21,0.79,0.0,0.0,3.3,1.42,0.47,19.5,Extinction
204,N01M201,8/24/11,Methanol,761.6,0.21,0.79,0.0,0.0,2.75,1.11,0.52,12.8,Extinction
206,N01H101,8/29/11,Heptane,756.5,0.21,0.79,0.0,0.0,3.56,,0.43,23.9,Disruption
207,N01H102,8/29/11,Heptane,757.3,0.21,0.79,0.0,0.0,3.58,,0.42,24.0,Disruption
208,N01H201,8/29/11,Heptane,760.2,0.21,0.79,0.0,0.0,2.96,0.47,0.5,17.1,Disruption
209,N01H202,8/29/11,Heptane,762.7,0.21,0.79,0.0,0.0,2.72,1.13,0.54,11.5,Completion
210,N01H301,8/29/11,Heptane,762.9,0.21,0.79,0.0,0.0,2.92,,0.69,12.8,Completion
211,N02H101,8/29/11,Heptane,759.8,0.16,0.84,0.0,0.0,3.34,3.18,0.34,3.4,Extinction
212,N02H201,8/29/11,Heptane,759.8,0.16,0.84,0.0,0.0,,,,,Extinction
214,N02H203,8/30/11,Heptane,759.9,0.16,0.84,0.0,0.0,2.52,2.13,0.42,4.5,Extinction
215,N03H101,9/1/11,Heptane,764.0,0.15,0.85,0.0,0.0,2.55,2.31,0.37,3.4,Extinction
216,N03H201,9/1/11,Heptane,766.2,0.15,0.85,0.0,0.0,1.77,0.33,0.47,6.7,Completion
217,N04H101,9/1/11,Heptane,759.8,0.14,0.86,0.0,0.0,4.16,4.15,0.24,1.6,Extinction
218,N04H201,9/1/11,Heptane,759.9,0.14,0.86,0.0,0.0,1.83,,0.39,3.8,Extinction
219,N04M101,9/8/11,Methanol,757.6,0.14,0.86,0.0,0.0,3.5,,0.3,26.0,Extinction
220,N04M201,9/8/11,Methanol,758.3,0.14,0.86,0.0,0.0,2.67,1.27,0.38,15.6,Extinction
221,N05M101,9/8/11,Methanol,759.4,0.13,0.87,0.0,0.0,3.46,2.96,0.36,9.5,Extinction
222,N05M201,9/8/11,Methanol,760.6,0.13,0.87,0.0,0.0,2.75,1.46,0.35,16.3,Extinction
223,N06M101,9/9/11,Methanol,761.6,0.12,0.88,0.0,0.0,2.6,2.09,0.36,6.9,Extinction
224,N06M201,9/9/11,Methanol,761.9,0.12,0.88,0.0,0.0,1.94,1.05,0.35,7.8,Extinction
225,N06M202,9/9/11,Methanol,763.7,0.12,0.88,0.0,0.0,1.84,1.04,0.38,6.0,Extinction
226,H01M102,9/9/11,Methanol,759.2,0.2,0.75,0.0,0.05,2.91,1.12,0.51,14.4,Extinction
227,H01M104,9/9/11,Methanol,759.6,0.2,0.75,0.0,0.05,,,,6.0,Extinction
229,H01H102,9/13/11,Heptane,755.3,0.2,0.75,0.0,0.05,2.25,,0.57,9.0,Completion
230,H01H103,9/13/11,Heptane,756.5,0.2,0.75,0.0,0.05,2.3,,0.58,9.8,Disruption
231,H02M101,9/21/11,Methanol,753.4,0.19,0.71,0.0,0.1,2.78,,0.57,12.5,Extinction
232,H03M101,9/22/11,Methanol,759.2,0.18,0.67,0.0,0.15,2.79,1.3,0.51,12.5,Extinction
233,H03M201,9/22/11,Methanol,760.3,0.18,0.67,0.0,0.15,2.95,1.67,0.53,11.7,Extinction
234,N01H401,9/23/11,Heptane,767.4,0.21,0.79,0.0,0.0,3.32,1.37,0.52,17.5,Extinction
235,N01H502,9/24/11,Heptane,768.1,0.21,0.79,0.0,0.0,2.39,,0.57,10.6,Disruption
236,N01H601,9/24/11,Heptane,769.2,0.21,0.79,0.0,0.0,3.65,2.85,0.57,9.6,Extinction
237,H02H101,9/24/11,Heptane,758.8,0.19,0.71,0.0,0.1,2.59,,0.54,12.0,Disruption
238,H03H101,9/27/11,Heptane,763.7,0.18,0.67,0.0,0.15,3.52,3.28,0.41,4.1,Extinction
239,H03H201,9/27/11,Heptane,765.9,0.18,0.67,0.0,0.15,2.3,,0.49,9.1,Completion
240,H03H202,9/27/11,Heptane,766.5,0.18,0.67,0.0,0.15,2.27,,0.51,8.6,Completion
241,H04H101,9/27/11,Heptane,759.3,0.17,0.63,0.0,0.2,2.85,2.6,0.46,3.2,Extinction
242,H04H201,9/27/11,Heptane,759.3,0.17,0.63,0.0,0.2,2.12,1.39,0.59,4.5,Extinction
243,H04H302,9/27/11,Heptane,759.6,0.17,0.63,0.0,0.2,,,,1.7,Disruption
244,H04H303,9/27/11,Heptane,759.8,0.17,0.63,0.0,0.2,1.61,,0.91,2.7,Completion
245,H04M101,10/1/11,Methanol,754.2,0.17,0.63,0.0,0.2,2.99,,0.49,9.1,Extinction
246,H04M202,10/1/11,Methanol,757.0,0.17,0.63,0.0,0.2,2.9,1.42,0.51,13.1,Extinction
247,H05M102,10/1/11,Methanol,759.9,0.16,0.59,0.0,0.25,3.4,2.79,0.51,7.9,Extinction
248,H05M202,10/1/11,Methanol,761.0,0.16,0.59,0.0,0.25,,,,5.0,Extinction
249,H05H103,10/5/11,Heptane,757.9,0.16,0.59,0.0,0.25,1.49,0.69,0.6,2.9,Extinction
250,H06M102,10/7/11,Methanol,755.6,0.15,0.55,0.0,0.3,3.67,3.47,0.43,3.6,Extinction
251,H06M201,10/7/11,Methanol,756.7,0.15,0.55,0.0,0.3,2.52,2.06,0.56,4.0,Extinction
252,H07M101,10/7/11,Methanol,759.2,0.14,0.51,0.0,0.35,2.44,2.26,0.56,1.5,Extinction
253,H07M202,10/7/11,Methanol,759.8,0.14,0.51,0.0,0.35,1.88,1.73,0.58,1.0,Extinction
254,H08M101,10/11/11,Methanol,763.5,0.13,0.47,0.0,0.4,3.56,3.54,0.51,0.3,Extinction
255,H10H101,10/12/11,Heptane,534.0,0.24,0.56,0.0,0.2,3.78,2.52,0.72,12.2,Extinction
256,H11H101,10/12/11,Heptane,532.2,0.23,0.52,0.0,0.25,2.8,0.12,0.71,11.4,Completion
257,H10M101,11/18/11,Methanol,534.3,0.24,0.56,0.0,0.2,2.82,1.03,0.62,11.2,Extinction
258,H10M102,11/18/11,Methanol,534.6,0.24,0.56,0.0,0.2,2.79,1.53,0.7,8.1,Disruption
259,H11M101,11/18/11,Methanol,531.7,0.23,0.52,0.0,0.25,2.45,0.86,0.6,8.3,Extinction
260,H11M102,11/18/11,Methanol,531.8,0.23,0.52,0.0,0.25,2.61,,0.73,6.3,Disruption
261,H12M101,11/18/11,Methanol,531.9,0.21,0.49,0.0,0.3,3.22,,0.56,10.4,Extinction
262,H12M102,11/18/11,Methanol,531.2,0.21,0.49,0.0,0.3,3.25,1.78,0.65,12.1,Extinction
263,H12M201,11/18/11,Methanol,531.2,0.21,0.49,0.0,0.3,2.67,1.42,0.7,7.6,Extinction
264,H12H101,11/22/11,Heptane,529.6,0.21,0.49,0.0,0.3,3.23,2.33,0.67,7.5,Extinction
265,H12H201,11/22/11,Heptane,529.0,0.21,0.49,0.0,0.3,2.86,0.71,0.7,11.0,Extinction
266,H13H101,11/22/11,Heptane,532.5,0.2,0.45,0.0,0.35,3.69,3.32,0.61,4.3,Extinction
267,H13H201,11/22/11,Heptane,532.0,0.2,0.45,0.0,0.35,3.08,1.69,0.67,5.4,Extinction
268,H13M102,11/28/11,Methanol,527.6,0.2,0.45,0.0,0.35,3.87,2.24,0.6,17.4,Extinction
269,H13M201,11/28/11,Methanol,527.9,0.2,0.45,0.0,0.35,2.95,1.5,0.63,10.6,Extinction
270,H14M101,11/28/11,Methanol,532.4,0.18,0.42,0.0,0.4,3.5,2.67,0.59,7.8,Extinction
271,H14M201,11/28/11,Methanol,532.9,0.18,0.42,0.0,0.4,2.7,1.92,0.63,5.9,Extinction
272,H14M202,11/28/11,Methanol,533.2,0.18,0.42,0.0,0.4,1.84,1.3,0.62,2.3,Extinction
273,H14H101,11/30/11,Heptane,528.0,0.18,0.42,0.0,0.4,2.27,1.64,0.71,3.5,Extinction
274,H14H201,11/30/11,Heptane,530.3,0.18,0.42,0.0,0.4,1.86,0.84,0.77,3.5,Extinction
275,H15H101,11/30/11,Heptane,532.2,0.17,0.38,0.0,0.45,2.22,1.86,0.76,1.9,Extinction
276,H15H201,11/30/11,Heptane,532.5,0.17,0.38,0.0,0.45,1.61,0.91,1.06,1.4,Completion
277,H15M102,12/5/11,Methanol,530.4,0.17,0.38,0.0,0.45,2.79,2.3,0.63,4.0,Extinction
278,H15M201,12/5/11,Methanol,531.5,0.17,0.38,0.0,0.45,2.68,2.31,0.66,2.9,Extinction
279,H19H101,12/8/11,Heptane,764.7,0.21,0.64,0.0,0.15,3.54,2.91,0.55,7.6,Extinction
280,H19H201,12/8/11,Heptane,766.2,0.21,0.64,0.0,0.15,2.82,0.73,0.65,11.7,Extinction
